{"saveBestTimes":[9999.0,9999.0,9999.0,9999.0,9999.0,9999.0,9999.0,9999.0,9999.0,9999.0,9999.0,9999.0],"saveSecondTimes":[6.750757694244385,3.5287961959838869,10.166935920715332,41.3691291809082,7.332085132598877,0.0,0.0,0.0,0.0,0.0,0.0,0.0,0.0],"saveThirdTimes":[6.750757694244385,3.5287961959838869,10.166935920715332,41.3691291809082,7.332085132598877,0.0,0.0,0.0,0.0,0.0,0.0,0.0,0.0,0.0],"BestScore":19.23711395263672}