{"saveBestTimes":[2.081773281097412,5.7387614250183109,3.739227533340454,57.51970291137695,12.329461097717286,0.0,0.0,0.0,0.0,0.0,0.0,0.0],"saveSecondTimes":[2.081773281097412,5.7387614250183109,3.739227533340454,57.51970291137695,12.329461097717286,0.0,0.0,0.0,0.0,0.0,0.0,0.0,0.0],"saveThirdTimes":[2.081773281097412,5.7387614250183109,3.739227533340454,57.51970291137695,12.329461097717286,0.0,0.0,0.0,0.0,0.0,0.0,0.0,0.0,0.0],"BestScore":19.23711395263672}