{"saveBestTimes":[2.081773281097412,3.1225228309631349,11.683304786682129,4.159767150878906,42.028324127197269,0.0,0.0,0.0,0.0,0.0,0.0,0.0],"saveSecondTimes":[6.986518383026123,3.8669252395629885,35.8610725402832,25.499774932861329,42.028324127197269,0.0,0.0,0.0,0.0,0.0,0.0,0.0,0.0],"saveThirdTimes":[6.986518383026123,3.8669252395629885,35.8610725402832,25.499774932861329,42.028324127197269,0.0,0.0,0.0,0.0,0.0,0.0,0.0,0.0,0.0],"BestScore":19.23711395263672}