{"saveBestTimes":[2.0730013847351076,8.485217094421387,11.683304786682129,2.1428003311157228,42.028324127197269,0.0,0.0,0.0,0.0,0.0,0.0,0.0],"saveSecondTimes":[2.0730013847351076,27.43636131286621,34.64813995361328,2.1607816219329836,42.028324127197269,0.0,0.0,0.0,0.0,0.0,0.0,0.0,0.0],"saveThirdTimes":[2.0730013847351076,27.43636131286621,34.64813995361328,2.1607816219329836,42.028324127197269,0.0,0.0,0.0,0.0,0.0,0.0,0.0,0.0,0.0],"BestScore":19.23711395263672}