{"saveBestTimes":[2.081773281097412,5.7387614250183109,3.739227533340454,57.51970291137695,6.637687683105469,0.0,0.0,0.0,0.0,0.0,0.0,0.0],"saveSecondTimes":[8.256916999816895,29.401355743408204,37.052589416503909,57.51970291137695,7.332085132598877,0.0,0.0,0.0,0.0,0.0,0.0,0.0,0.0],"saveThirdTimes":[8.256916999816895,29.401355743408204,37.052589416503909,57.51970291137695,7.332085132598877,0.0,0.0,0.0,0.0,0.0,0.0,0.0,0.0,0.0],"BestScore":19.23711395263672}