{"saveBestTimes":[1.2374473810195923,9.816174507141114,9999.0,9999.0,9999.0],"saveSecondTimes":[5.016674041748047,20.60626220703125,9999.0,9999.0,9999.0],"saveThirdTimes":[3.2196335792541506,20.8655948638916,9999.0,9999.0,9999.0],"BestScore":19.23711395263672}