{"saveBestTimes":[2.081773281097412,13.476628303527832,11.683304786682129,9999.0,42.028324127197269,0.0,0.0,0.0,0.0,0.0,0.0,0.0],"saveSecondTimes":[2.081773281097412,16.854480743408204,25.44422721862793,9999.0,42.028324127197269,0.0,0.0,0.0,0.0,0.0,0.0,0.0,0.0],"saveThirdTimes":[2.081773281097412,16.854480743408204,25.44422721862793,9999.0,42.028324127197269,0.0,0.0,0.0,0.0,0.0,0.0,0.0,0.0,0.0],"BestScore":19.23711395263672}