{"saveBestTimes":[9999.0,9999.0,9999.0,9999.0,9999.0,9999.0,9999.0,9999.0,9999.0,9999.0,9999.0,9999.0],"saveSecondTimes":[6.622076511383057,12.744027137756348,10.166935920715332,18.743026733398439,7.332085132598877,0.0,0.0,0.0,0.0,0.0,0.0,0.0,0.0],"saveThirdTimes":[6.622076511383057,12.744027137756348,10.166935920715332,18.743026733398439,7.332085132598877,0.0,0.0,0.0,0.0,0.0,0.0,0.0,0.0,0.0],"BestScore":12.744027137756348}