{"saveBestTimes":[2.081773281097412,3.7811264991760256,3.739227533340454,4.151250839233398,6.637687683105469,0.0,0.0,0.0,0.0,0.0,0.0,0.0],"saveSecondTimes":[6.750757694244385,3.7811264991760256,37.052589416503909,4.151250839233398,7.332085132598877,0.0,0.0,0.0,0.0,0.0,0.0,0.0,0.0],"saveThirdTimes":[6.750757694244385,3.7811264991760256,37.052589416503909,4.151250839233398,7.332085132598877,0.0,0.0,0.0,0.0,0.0,0.0,0.0,0.0,0.0],"BestScore":19.23711395263672}