{"saveBestTimes":[1.2374473810195923,9999.0,9999.0,9999.0,9999.0],"saveSecondTimes":[22.027851104736329,9999.0,9999.0,9999.0,9999.0],"saveThirdTimes":[28.014205932617189,9999.0,9999.0,9999.0,9999.0],"BestScore":19.23711395263672}