{"saveBestTimes":[2.081773281097412,3.1225228309631349,11.683304786682129,57.51970291137695,42.028324127197269,0.0,0.0,0.0,0.0,0.0,0.0,0.0],"saveSecondTimes":[6.182760238647461,28.46987533569336,33.686805725097659,84.65403747558594,42.028324127197269,0.0,0.0,0.0,0.0,0.0,0.0,0.0,0.0],"saveThirdTimes":[6.182760238647461,28.46987533569336,33.686805725097659,84.65403747558594,42.028324127197269,0.0,0.0,0.0,0.0,0.0,0.0,0.0,0.0,0.0],"BestScore":19.23711395263672}