{"saveBestTimes":[2.0730013847351076,8.485217094421387,11.683304786682129,2.0787267684936525,42.028324127197269,0.0,0.0,0.0,0.0,0.0,0.0,0.0],"saveSecondTimes":[6.180045127868652,27.43636131286621,35.28160858154297,5.638561248779297,42.028324127197269,0.0,0.0,0.0,0.0,0.0,0.0,0.0,0.0],"saveThirdTimes":[6.180045127868652,27.43636131286621,35.28160858154297,5.638561248779297,42.028324127197269,0.0,0.0,0.0,0.0,0.0,0.0,0.0,0.0,0.0],"BestScore":19.23711395263672}