{"saveBestTimes":[1.2374473810195923,9.816174507141114,9999.0,9999.0,9999.0],"saveSecondTimes":[3.4379916191101076,43.38815689086914,9999.0,9999.0,9999.0],"saveThirdTimes":[3.5331053733825685,10.493911743164063,9999.0,9999.0,9999.0],"BestScore":19.23711395263672}