{"saveBestTimes":[1.2374473810195923,9.816174507141114,9999.0,9999.0,9999.0],"saveSecondTimes":[4.820657730102539,13.69741439819336,9999.0,9999.0,9999.0],"saveThirdTimes":[6.489288330078125,13.40140151977539,9999.0,9999.0,9999.0],"BestScore":19.23711395263672}