{"saveBestTimes":[2.081773281097412,3.0690436363220217,3.739227533340454,4.151250839233398,6.637687683105469,0.0,0.0,0.0,0.0,0.0,0.0,0.0],"saveSecondTimes":[6.750757694244385,3.5287961959838869,10.166935920715332,41.3691291809082,7.332085132598877,0.0,0.0,0.0,0.0,0.0,0.0,0.0,0.0],"saveThirdTimes":[6.750757694244385,3.5287961959838869,10.166935920715332,41.3691291809082,7.332085132598877,0.0,0.0,0.0,0.0,0.0,0.0,0.0,0.0,0.0],"BestScore":19.23711395263672}