{"saveBestTimes":[2.081773281097412,13.476628303527832,11.683304786682129,9999.0,21.420793533325197,0.0,0.0,0.0,0.0,0.0,0.0,0.0],"saveSecondTimes":[2.081773281097412,16.854480743408204,24.384056091308595,9999.0,21.420793533325197,0.0,0.0,0.0,0.0,0.0,0.0,0.0,0.0],"saveThirdTimes":[2.081773281097412,16.854480743408204,24.384056091308595,9999.0,21.420793533325197,0.0,0.0,0.0,0.0,0.0,0.0,0.0,0.0,0.0],"BestScore":19.23711395263672}