{"saveBestTimes":[1.2374473810195923,9.816174507141114,9999.0,9999.0,9999.0],"saveSecondTimes":[4.820657730102539,14.125295639038086,9999.0,9999.0,9999.0],"saveThirdTimes":[6.489288330078125,15.439502716064454,9999.0,9999.0,9999.0],"BestScore":19.23711395263672}