{"saveBestTimes":[2.081773281097412,13.476628303527832,11.683304786682129,57.51970291137695,42.028324127197269,0.0,0.0,0.0,0.0,0.0,0.0,0.0],"saveSecondTimes":[2.081773281097412,26.402389526367189,33.686805725097659,57.51970291137695,42.028324127197269,0.0,0.0,0.0,0.0,0.0,0.0,0.0,0.0],"saveThirdTimes":[2.081773281097412,26.402389526367189,33.686805725097659,57.51970291137695,42.028324127197269,0.0,0.0,0.0,0.0,0.0,0.0,0.0,0.0,0.0],"BestScore":19.23711395263672}