{"saveBestTimes":[2.081773281097412,3.1225228309631349,11.683304786682129,3.673668146133423,42.028324127197269,0.0,0.0,0.0,0.0,0.0,0.0,0.0],"saveSecondTimes":[6.182760238647461,15.91878604888916,33.686805725097659,9.983728408813477,42.028324127197269,0.0,0.0,0.0,0.0,0.0,0.0,0.0,0.0],"saveThirdTimes":[6.182760238647461,15.91878604888916,33.686805725097659,9.983728408813477,42.028324127197269,0.0,0.0,0.0,0.0,0.0,0.0,0.0,0.0,0.0],"BestScore":19.23711395263672}