{"saveBestTimes":[2.081773281097412,3.1225228309631349,11.683304786682129,4.159767150878906,42.028324127197269,0.0,0.0,0.0,0.0,0.0,0.0,0.0],"saveSecondTimes":[6.182760238647461,27.984182357788087,33.686805725097659,13.2509183883667,42.028324127197269,0.0,0.0,0.0,0.0,0.0,0.0,0.0,0.0],"saveThirdTimes":[6.182760238647461,27.984182357788087,33.686805725097659,13.2509183883667,42.028324127197269,0.0,0.0,0.0,0.0,0.0,0.0,0.0,0.0,0.0],"BestScore":19.23711395263672}