{"saveBestTimes":[1.2374473810195923,9.816174507141114,9999.0,9999.0,9999.0],"saveSecondTimes":[4.820657730102539,29.851287841796876,9999.0,9999.0,9999.0],"saveThirdTimes":[6.489288330078125,13.79666805267334,9999.0,9999.0,9999.0],"BestScore":19.23711395263672}