{"saveBestTimes":[2.081773281097412,3.0690436363220217,3.739227533340454,4.151250839233398,6.637687683105469,0.0,0.0,0.0,0.0,0.0,0.0,0.0],"saveSecondTimes":[7.494019508361816,12.921211242675782,11.08348274230957,35.58846664428711,7.332085132598877,0.0,0.0,0.0,0.0,0.0,0.0,0.0,0.0],"saveThirdTimes":[7.494019508361816,12.921211242675782,11.08348274230957,35.58846664428711,7.332085132598877,0.0,0.0,0.0,0.0,0.0,0.0,0.0,0.0,0.0],"BestScore":19.23711395263672}