{"saveBestTimes":[1.2374473810195923,9.816174507141114,9999.0,9999.0,9999.0],"saveSecondTimes":[4.173856258392334,28.076522827148439,9999.0,9999.0,9999.0],"saveThirdTimes":[3.507577657699585,43.38815689086914,9999.0,9999.0,9999.0],"BestScore":19.23711395263672}