{"saveBestTimes":[1.2374473810195923,9.816174507141114,9999.0,9999.0,9999.0],"saveSecondTimes":[4.820657730102539,25.621850967407228,9999.0,9999.0,9999.0],"saveThirdTimes":[6.489288330078125,24.696685791015626,9999.0,9999.0,9999.0],"BestScore":19.23711395263672}