{"saveBestTimes":[2.081773281097412,5.851873874664307,11.683304786682129,57.51970291137695,42.028324127197269,0.0,0.0,0.0,0.0,0.0,0.0,0.0],"saveSecondTimes":[2.081773281097412,5.851873874664307,32.02738952636719,57.51970291137695,42.028324127197269,0.0,0.0,0.0,0.0,0.0,0.0,0.0,0.0],"saveThirdTimes":[2.081773281097412,5.851873874664307,32.02738952636719,57.51970291137695,42.028324127197269,0.0,0.0,0.0,0.0,0.0,0.0,0.0,0.0,0.0],"BestScore":19.23711395263672}