{"saveBestTimes":[2.081773281097412,3.1225228309631349,11.683304786682129,4.159767150878906,42.028324127197269,0.0,0.0,0.0,0.0,0.0,0.0,0.0],"saveSecondTimes":[8.585897445678711,14.826419830322266,24.167808532714845,25.499774932861329,42.028324127197269,0.0,0.0,0.0,0.0,0.0,0.0,0.0,0.0],"saveThirdTimes":[8.585897445678711,14.826419830322266,24.167808532714845,25.499774932861329,42.028324127197269,0.0,0.0,0.0,0.0,0.0,0.0,0.0,0.0,0.0],"BestScore":19.23711395263672}