{"saveBestTimes":[2.081773281097412,3.622098445892334,3.739227533340454,4.151250839233398,6.637687683105469,0.0,0.0,0.0,0.0,0.0,0.0,0.0],"saveSecondTimes":[7.399869918823242,15.775321006774903,10.424962997436524,21.41071319580078,7.332085132598877,0.0,0.0,0.0,0.0,0.0,0.0,0.0,0.0],"saveThirdTimes":[7.399869918823242,15.775321006774903,10.424962997436524,21.41071319580078,7.332085132598877,0.0,0.0,0.0,0.0,0.0,0.0,0.0,0.0,0.0],"BestScore":19.23711395263672}