{"saveBestTimes":[1.2374473810195923,9.816174507141114,9999.0,9999.0,9999.0],"saveSecondTimes":[3.959024667739868,10.493911743164063,9999.0,9999.0,9999.0],"saveThirdTimes":[3.4577577114105226,25.909564971923829,9999.0,9999.0,9999.0],"BestScore":19.23711395263672}