{"saveBestTimes":[1.2374473810195923,9.816174507141114,9999.0,9999.0,9999.0,0,0,0,0,0,0,0],"saveSecondTimes":[4.80576229095459,10.380722045898438,9999.0,9999.0,9999.0,0,0,0,0,0,0,0,0],"saveThirdTimes":[4.808701038360596,14.010636329650879,9999.0,9999.0,9999.0,0,0,0,0,0,0,0,0,0],"BestScore":19.23711395263672}