{"saveBestTimes":[6.557878494262695,13.476628303527832,11.683304786682129,9999.0,42.028324127197269,0.0,0.0,0.0,0.0,0.0,0.0,0.0],"saveSecondTimes":[6.557878494262695,13.476628303527832,11.683304786682129,9999.0,42.028324127197269,0.0,0.0,0.0,0.0,0.0,0.0,0.0,0.0],"saveThirdTimes":[6.557878494262695,13.476628303527832,11.683304786682129,9999.0,42.028324127197269,0.0,0.0,0.0,0.0,0.0,0.0,0.0,0.0,0.0],"BestScore":19.23711395263672}