{"saveBestTimes":[2.081773281097412,3.1225228309631349,3.7798666954040529,4.159767150878906,42.028324127197269,0.0,0.0,0.0,0.0,0.0,0.0,0.0],"saveSecondTimes":[7.621002197265625,3.724231719970703,10.81843376159668,23.7496280670166,42.028324127197269,0.0,0.0,0.0,0.0,0.0,0.0,0.0,0.0],"saveThirdTimes":[7.621002197265625,3.724231719970703,10.81843376159668,23.7496280670166,42.028324127197269,0.0,0.0,0.0,0.0,0.0,0.0,0.0,0.0,0.0],"BestScore":19.23711395263672}