{"saveBestTimes":[1.4400713443756104,1.4398447275161744,0.0,0.0,0.0],"saveSecondTimes":[0.0,0.0,0.0,0.0,0.0],"saveThirdTimes":[0.0,0.0,0.0,0.0,0.0],"BestScore":19.23711395263672}