{"saveBestTimes":[11.015047073364258,11.673784255981446,14.578923225402832,17.779666900634767,11.721396446228028,13.040514945983887,9999.0,9999.0,9999.0,9999.0,9999.0,9999.0],"saveSecondTimes":[6.622076511383057,9999.0,10.166935920715332,18.743026733398439,7.332085132598877,0.0,0.0,0.0,0.0,0.0,0.0,0.0,0.0],"saveThirdTimes":[6.622076511383057,12.744027137756348,10.166935920715332,18.743026733398439,7.332085132598877,0.0,0.0,0.0,0.0,0.0,0.0,0.0,0.0,0.0],"BestScore":11.015047073364258}